{"train accuracy": 0.9969994268568153, "test accuracy": 0.9908281998631074, "train f-score": 0.9970931182023058, "test f-score": 0.9911105214276238}