{"train accuracy": 0.9794985718819422, "test accuracy": 0.9775773195876288, "train f-score": 0.9802022678516702, "test f-score": 0.9784119106699752}