{"train accuracy": 0.9232144244967747, "test accuracy": 0.9222152098453771, "train f-score": 0.9056171188383646, "test f-score": 0.9050279329608939}