{"train accuracy": 0.8516570580897475, "test accuracy": 0.8499657768651608, "train f-score": 0.8537914534458695, "test f-score": 0.8528859060402684}