{"train accuracy": 0.9871764980181861, "test accuracy": 0.9761754496686652, "train f-score": 0.9844060107740289, "test f-score": 0.9709782817605228}