{"train accuracy": 0.9730285560163178, "test accuracy": 0.9679671457905544, "train f-score": 0.9738014147236049, "test f-score": 0.9688664183076103}