{"train accuracy": 0.9871152015233259, "test accuracy": 0.9867268041237114, "train f-score": 0.9876045673810833, "test f-score": 0.9872666584250217}