{"train accuracy": 0.9729609647730879, "test accuracy": 0.9418814432989691, "train f-score": 0.9738457760314342, "test f-score": 0.9438705662725576}