{"train accuracy": 0.9997668454185125, "test accuracy": 0.9933733038813506, "train f-score": 0.9997179125528914, "test f-score": 0.9919694072657744}