{"train accuracy": 0.9725565557466033, "test accuracy": 0.968104038329911, "train f-score": 0.9733254686066325, "test f-score": 0.9689788310477965}