{"train accuracy": 0.9715788409021948, "test accuracy": 0.9677618069815195, "train f-score": 0.9723905282808764, "test f-score": 0.9686605895269147}