{"train accuracy": 0.9925154242945282, "test accuracy": 0.9888432580424367, "train f-score": 0.9927417772837246, "test f-score": 0.9891658358258558}