{"train accuracy": 1.0, "test accuracy": 0.9922688545282423, "train f-score": 1.0, "test f-score": 0.9906291834002677}