{"train accuracy": 0.9998095842589654, "test accuracy": 0.9949742268041237, "train f-score": 0.9998170173833487, "test f-score": 0.9951810206351168}