{"train accuracy": 0.9706011260577864, "test accuracy": 0.9264887063655031, "train f-score": 0.9713120147387815, "test f-score": 0.9280160857908847}