{"train accuracy": 0.9963925693671825, "test accuracy": 0.9907597535934292, "train f-score": 0.9965045245173303, "test f-score": 0.9910423993099331}