{"train accuracy": 0.9822278641701048, "test accuracy": 0.978221649484536, "train f-score": 0.9828578425370392, "test f-score": 0.9790452572845628}