{"train accuracy": 0.9999222818061708, "test accuracy": 0.997633322814768, "train f-score": 0.9999060062035905, "test f-score": 0.9971269871672093}