{"train accuracy": 0.9856377060786892, "test accuracy": 0.9835728952772074, "train f-score": 0.9860428543345785, "test f-score": 0.9840234322992943}