{"train accuracy": 0.997033141161795, "test accuracy": 0.9725530458590007, "train f-score": 0.9971313078628243, "test f-score": 0.9733040410092536}