{"train accuracy": 1.0, "test accuracy": 0.9945876288659794, "train f-score": 1.0, "test f-score": 0.9948122529644269}