{"train accuracy": 0.9853889795601151, "test accuracy": 0.9757021142316188, "train f-score": 0.9822239031770045, "test f-score": 0.9704073789392775}