{"train accuracy": 0.9859727070771184, "test accuracy": 0.9779639175257732, "train f-score": 0.9864823536607744, "test f-score": 0.9788654060066742}