{"train accuracy": 0.9997461123452872, "test accuracy": 0.9978092783505155, "train f-score": 0.9997560380580629, "test f-score": 0.9978989000123594}