{"train accuracy": 1.0, "test accuracy": 0.9983247422680412, "train f-score": 1.0, "test f-score": 0.9983932764800395}