{"train accuracy": 1.0, "test accuracy": 0.997948879772799, "train f-score": 1.0, "test f-score": 0.9975119617224881}