{"train accuracy": 0.8703268803554427, "test accuracy": 0.8743556701030928, "train f-score": 0.8731607375675172, "test f-score": 0.8778654641112363}