{"train accuracy": 0.9876864487464297, "test accuracy": 0.9774484536082474, "train f-score": 0.9881360078277887, "test f-score": 0.9784030605948414}