{"train accuracy": 0.998550284885877, "test accuracy": 0.9958932238193019, "train f-score": 0.998595918367347, "test f-score": 0.9960180514998673}