{"train accuracy": 0.9976062843464482, "test accuracy": 0.9909650924024641, "train f-score": 0.9976811783533099, "test f-score": 0.9912443618997081}