{"train accuracy": 1.0, "test accuracy": 0.9942010309278351, "train f-score": 1.0, "test f-score": 0.9944396391943655}