{"train accuracy": 0.9968898762297683, "test accuracy": 0.9497422680412371, "train f-score": 0.9970087296257861, "test f-score": 0.9516728624535317}