{"train accuracy": 0.9853679916388524, "test accuracy": 0.9647501711156742, "train f-score": 0.9857984293193718, "test f-score": 0.9655587507523574}