{"train accuracy": 0.9998730561726437, "test accuracy": 0.9983247422680412, "train f-score": 0.9998780190290315, "test f-score": 0.9983940704138358}