{"train accuracy": 0.9732982704561546, "test accuracy": 0.9679671457905544, "train f-score": 0.9740566037735848, "test f-score": 0.9688581314878894}