{"train accuracy": 0.9178673437004126, "test accuracy": 0.9252577319587629, "train f-score": 0.9189426208970183, "test f-score": 0.9268046441191318}