{"train accuracy": 0.9902887972072358, "test accuracy": 0.9740979381443299, "train f-score": 0.9906530637180035, "test f-score": 0.975255447494768}