{"train accuracy": 1.0, "test accuracy": 0.9960301163586585, "train f-score": 1.0, "test f-score": 0.9961553758451545}