{"train accuracy": 0.9294827039035227, "test accuracy": 0.9371134020618557, "train f-score": 0.9311946491608348, "test f-score": 0.938877755511022}