{"train accuracy": 0.9890193589336719, "test accuracy": 0.9698453608247423, "train f-score": 0.9894157234628327, "test f-score": 0.970953326713009}