{"train accuracy": 0.967185020628372, "test accuracy": 0.9686855670103093, "train f-score": 0.96811987420608, "test f-score": 0.9696212026503312}