{"train accuracy": 0.9990559994605711, "test accuracy": 0.9900752908966461, "train f-score": 0.9990855649902023, "test f-score": 0.9903954428032059}