{"train accuracy": 0.9941605839416059, "test accuracy": 0.9943298969072165, "train f-score": 0.9943847656249999, "test f-score": 0.9945558030190547}