{"train accuracy": 0.9204005259431577, "test accuracy": 0.920123203285421, "train f-score": 0.9226434258379477, "test f-score": 0.9223191106969314}