{"train accuracy": 0.9607902633087219, "test accuracy": 0.9605749486652977, "train f-score": 0.9617169755423154, "test f-score": 0.961456102783726}