{"train accuracy": 0.872386725732494, "test accuracy": 0.8725149889555065, "train f-score": 0.8463985032740879, "test f-score": 0.8482344102178814}