{"train accuracy": 0.9844493811488416, "test accuracy": 0.9778350515463917, "train f-score": 0.9850107066381157, "test f-score": 0.9787339268051435}