{"train accuracy": 0.9323851713686174, "test accuracy": 0.9349952666456295, "train f-score": 0.9178004535147393, "test f-score": 0.9213740458015267}