{"train accuracy": 0.9990222851555915, "test accuracy": 0.9770020533880903, "train f-score": 0.9990533703280562, "test f-score": 0.977659574468085}