{"train accuracy": 0.9893125653214659, "test accuracy": 0.9698151950718685, "train f-score": 0.9896266239078504, "test f-score": 0.9705862735943441}