{"train accuracy": 0.9999662856950204, "test accuracy": 0.9964407939767282, "train f-score": 0.9999673512031081, "test f-score": 0.9965508092332185}