{"train accuracy": 0.9926502815144466, "test accuracy": 0.9921971252566735, "train f-score": 0.99287441982088, "test f-score": 0.9924302788844621}