{"train accuracy": 0.9998730561726437, "test accuracy": 0.9949742268041237, "train f-score": 0.9998780190290315, "test f-score": 0.9951810206351168}