{"train accuracy": 1.0, "test accuracy": 0.997680412371134, "train f-score": 1.0, "test f-score": 0.9977755808205635}