{"train accuracy": 0.9221199554971174, "test accuracy": 0.9243668720054757, "train f-score": 0.924809582709459, "test f-score": 0.9270193514298922}