{"train accuracy": 0.9978419549349413, "test accuracy": 0.9712628865979381, "train f-score": 0.9979253112033195, "test f-score": 0.9724453231187445}