{"train accuracy": 1.0, "test accuracy": 0.9954140999315537, "train f-score": 1.0, "test f-score": 0.9955608560259723}