{"train accuracy": 0.9994922246905744, "test accuracy": 0.978221649484536, "train f-score": 0.9995120165914358, "test f-score": 0.9790867466897661}