{"train accuracy": 0.9698931256532146, "test accuracy": 0.9671457905544147, "train f-score": 0.970712669312256, "test f-score": 0.9680468645985887}