{"train accuracy": 0.9966959981119989, "test accuracy": 0.9355236139630391, "train f-score": 0.9968034444516929, "test f-score": 0.937233475479744}