{"train accuracy": 0.9831799428752777, "test accuracy": 0.9641752577319588, "train f-score": 0.9838404780779317, "test f-score": 0.9655428854734756}