{"train accuracy": 0.9964455728340209, "test accuracy": 0.993298969072165, "train f-score": 0.9965841161400513, "test f-score": 0.993570722057369}